Label,Column Name,Definition,eval_category
NCT,NCT,"What is the ClinicalTrials.gov identifier (NCT number) for the trial reported in this paper? If reported, include the value as stated (e.g., NCT02799602). Use 'Not reported' if missing.",exact_match
PubMed ID,PubMed ID,"What is the PubMed ID (PMID) for this publication? Extract the value if present in the header, footer, or text. Use 'Not reported' if missing.",exact_match
Trial Name,Trial Name,"What is the official name or acronym of the trial? Include the acronym followed by a short description (e.g., 'ARASENS – Darolutamide and survival...'). Use 'Not reported' if missing.",structured_text
Author,Author,"Who is the first author of the paper? If reported, include the last name and initials followed by 'et al.' (e.g., Smith MR et al.). Use 'Not reported' if missing.",exact_match
Year,Year,"What is the publication year of the paper? If reported, include the year as a 4-digit number. Use 'Not reported' if missing.",exact_match
Full Pub or Abstract,Full Pub or Abstract,Is this paper a full publication or an abstract? Answer 'Full Pub' or 'Abstract' (a conference abstract is 'Abstract'). Use 'Not reported' if it cannot be told.,exact_match
Phase,Phase,"What is the phase of the trial? If reported, include the phase number (e.g., 1, 2, 3). Use 'Not reported' if missing.",exact_match
Original/Follow Up,Original/Follow Up,"Is this paper the original primary results report or a follow-up analysis? Classify as 'Follow Up' if it reports updated, long-term, or secondary results from a trial whose primary results were published earlier, even if labeled 'Original Article'. Otherwise, classify as 'Original'. Use 'Not reported' if missing.",exact_match
Number of Arms Included,Number of Arms Included,"How many arms does the trial include in total, counting the experimental arm(s) and the control arm(s) together? Give the number. Use 'Not reported' if missing.",exact_match
Treatment Arm(s),Treatment Arm(s),"What is the regimen of the experimental treatment arm(s)? If reported, include the agents and backbone as stated (e.g., Darolutamide + ADT + docetaxel). Use 'Not reported' if missing.",structured_text
Control Arm,Control Arm,"What is the regimen of the control arm? If reported, include the agents and backbone as stated (e.g., Placebo + ADT + docetaxel). Use 'Not reported' if missing.",structured_text
Class of Agent in Treatment Arm 1,Class of Agent in Treatment Arm 1,"What is the pharmacological class of the add-on agent(s) in the first treatment arm? List all add-on agents with their class and name in parentheses (e.g., 'Androgen-receptor inhibitor (darolutamide)'). Use 'Not reported' if missing.",structured_text
Treatment Arm 1 Regimen,Treatment Arm 1 Regimen,"What is the full treatment regimen for the first experimental arm (Arm 1) described in the trial? Include the drug name(s), dose, frequency, route of administration, and any concurrent backbone therapies (e.g., ADT, chemotherapy) as stated in the methods or results. If multiple experimental arms exist, describe the first one listed. Use 'Not reported' if the regimen is not described.",structured_text
Total Participants - N,Total Participants - N,"What is the total number of patients randomised into the treatment and control arms of the trial (or of the cohort this paper reports on)? Give the count. If the paper reports several comparative trials, give each trial's total separately with its label. Use 'Not reported' if missing.",exact_match
Treatment Arm - N,Treatment Arm - N,"How many patients were randomised to the experimental arm? Give the count. If the trial has several experimental arms (or the paper reports several trials), give each arm's count separately with its label. Use 'Not reported' if missing.",exact_match
Control Arm - N,Control Arm - N,"How many patients were randomised to the control arm? Give the count. If there are several control arms (or the paper reports several trials), give each count separately with its label. Use 'Not reported' if missing.",exact_match
Median Follow-Up Duration (mo),Median Follow-Up Duration (mo),"What is the median follow-up duration for overall survival (or the primary endpoint if OS is not specified), in months, for the treatment and control arms? Report the value for each arm separately (e.g., 'Treatment: X mo Control: Y mo'). If only a single median follow-up is given for the whole study, report that value for both or as stated. Use 'Not reported' if missing.",structured_text
Median On-Treatment Duration (mo),Median On-Treatment Duration (mo) | Treatment,"What is the median duration of treatment (on-treatment time) for the first experimental arm, in months? Include the value as stated. Use 'Not reported' if missing.",numeric_tolerance
Median On-Treatment Duration (mo),Median On-Treatment Duration (mo) | Control,"What is the median duration of treatment (on-treatment time) for the control arm, in months? Include the value as stated. Use 'Not reported' if missing.",numeric_tolerance
Quality of Life reported,Quality of Life reported,Does the paper report any Quality of Life (QoL) or Patient-Reported Outcome (PRO) data? Answer 'Yes' if QoL/PRO results are presented in the main text or supplementary material. Answer 'No' if no QoL/PRO data are reported. Use 'Not reported' if it is unclear whether QoL was assessed.,exact_match
Quality of Life Scale,Quality of Life Scale,"What Quality of Life (QoL) or Patient-Reported Outcome (PRO) scales were used in the trial? List the full names of the validated instruments, including version numbers or specific sub-scales (e.g., 'Brief Pain Inventory Short-Form'), separated by commas. Use 'Not reported' if no scales are identified.",structured_text
Reporting by prognostic groups - Y/N,Reporting by prognostic groups - Y/N | Synchronous,"Does the paper report outcomes separately for patients with synchronous metastases (metastatic at diagnosis, also called de novo)? Answer 'Yes' when a subgroup table or forest plot gives results for this group (add the paper's label in parentheses when it differs, e.g. 'Yes (de novo)'); otherwise answer 'No'.",structured_text
Reporting by prognostic groups - Y/N,Reporting by prognostic groups - Y/N | Metachronous,"Does the paper report outcomes separately for patients with metachronous metastases (metastases after earlier local treatment, also called recurrent)? Answer 'Yes' when a subgroup table or forest plot gives results for this group; otherwise answer 'No'.",exact_match
Reporting by prognostic groups - Y/N,Reporting by prognostic groups - Y/N | High volume,Does the paper report outcomes separately for patients with high-volume (high-burden) metastatic disease? Answer 'Yes' when a subgroup table or forest plot gives results for this group; otherwise answer 'No'.,structured_text
Reporting by prognostic groups - Y/N,Reporting by prognostic groups - Y/N | Low volume,Does the paper report outcomes separately for patients with low-volume (low-burden) metastatic disease? Answer 'Yes' when a subgroup table or forest plot gives results for this group; otherwise answer 'No'.,exact_match
Mode of metastases - N (%),Mode of metastases - N (%) | Synchronous | Treatment,"What is the count and percentage of patients in the treatment arm who had synchronous (de novo) metastatic disease at diagnosis? Include the value as stated (e.g., '558 (85.7%)'). Include the paper's label only if it uses a non-standard term for synchronous disease (e.g., 'De novo metastatic at diagnosis'). Use 'Not reported' if the count/percentage is not available.",numeric_tolerance
Mode of metastases - N (%),Mode of metastases - N (%) | Synchronous | Control,"What is the count and percentage of patients in the control arm who had synchronous (de novo) metastatic disease at diagnosis? Include the value as stated (e.g., '566 (86.5%)'). Include the paper's label only if it uses a non-standard term for synchronous disease. Use 'Not reported' if the count/percentage is not available.",numeric_tolerance
Mode of metastases - N (%),Mode of metastases - N (%) | Metachronous | Treatment,"What is the count and percentage of patients in the treatment arm who had metachronous (recurrent) metastatic disease? Include the value as stated (e.g., '86 (13.2%)'). Include the paper's label only if it uses a non-standard term for metachronous disease (e.g., 'Recurrent disease'). Use 'Not reported' if the count/percentage is not available.",numeric_tolerance
Mode of metastases - N (%),Mode of metastases - N (%) | Metachronous | Control,"What is the count and percentage of patients in the control arm who had metachronous (recurrent) metastatic disease? Include the value as stated (e.g., '82 (12.5%)'). Include the paper's label only if it uses a non-standard term for metachronous disease. Use 'Not reported' if the count/percentage is not available.",numeric_tolerance
Volume of disease - N (%),Volume of disease - N (%) | High | Treatment,"What number and percentage of patients in the treatment arm had high-volume (high-burden) metastatic disease, as the paper defines it (for example by CHAARTED or LATITUDE criteria)? Give count (percent). If several experimental arms are reported, give each separately. Use 'Not reported' if the paper gives no volume breakdown.",structured_text
Volume of disease - N (%),Volume of disease - N (%) | High | Control,"What number and percentage of patients in the control arm had high-volume (high-burden) metastatic disease, as the paper defines it (for example by CHAARTED or LATITUDE criteria)? Give count (percent). If several control arms are reported, give each separately. Use 'Not reported' if the paper gives no volume breakdown.",structured_text
Trial,Trial,"What is the name of the trial? Include the trial acronym or full name as stated in the paper (e.g., 'ARASENS'). Use 'Not reported' if the trial name is not identifiable.",exact_match
Volume of disease - N (%),Volume of disease - N (%) | Low | Control,"What number and percentage of patients in the control arm had low-volume (low-burden) metastatic disease, as the paper defines it (for example by CHAARTED or LATITUDE criteria)? Give count (percent). If several control arms are reported, give each separately. Use 'Not reported' if the paper gives no volume breakdown.",structured_text
Docetaxel administration - N (%),Docetaxel administration - N (%) | Treatment,"What number and percentage of patients in the treatment arm received docetaxel, before or during the trial? If the paper gives a count of patients who received docetaxel (including prior docetaxel allowed as standard care), give that count (percent). If docetaxel is part of the arm's protocol for every patient and no count is given, answer '100%'. Use 'Not reported' if the paper says nothing about docetaxel use in this arm.",numeric_tolerance
Docetaxel administration - N (%),Docetaxel administration - N (%) | Control,"What number and percentage of patients in the control arm received docetaxel, before or during the trial? If the paper gives a count of patients who received docetaxel (including prior docetaxel allowed as standard care), give that count (percent). If docetaxel is part of the arm's protocol for every patient and no count is given, answer '100%'. Use 'Not reported' if the paper says nothing about docetaxel use in this arm.",numeric_tolerance
Median Age (years),Median Age (years) | Treatment,"What is the median age, in years, of patients in the treatment arm? Include the interquartile range (IQR) or range if reported alongside the median. If only the median is reported, include only the median. Use 'Not reported' if the median age is not stated, including cases where only mean age or age groups are reported.",numeric_tolerance
Median Age (years),Median Age (years) | Control,"What is the median age, in years, of patients in the control arm? Include the interquartile range (IQR) or range if reported alongside the median. If only the median is reported, include only the median. Use 'Not reported' if the median age is not stated, including cases where only mean age or age groups are reported.",numeric_tolerance
Race - N (%),Race - N (%) | White | Treatment,"What is the number and percentage of patients identified as White in the treatment arm? If reported, include the count and percentage as stated (e.g., '345 (53.0%)'). Use 'Not reported' if the paper does not provide this specific breakdown for the treatment arm.",numeric_tolerance
Race - N (%),Race - N (%) | White | Control,"What is the number and percentage of patients identified as White in the control arm? If reported, include the count and percentage as stated (e.g., '333 (50.9%)'). Use 'Not reported' if the paper does not provide this specific breakdown for the control arm.",numeric_tolerance
Race - N (%),Race - N (%) | Black or African American | Treatment,"What is the number and percentage of patients identified as Black or African American in the treatment arm? If reported, include the count and percentage as stated (e.g., '26 (4.0%)'). Use 'Not reported' if the paper does not provide this specific breakdown for the treatment arm.",numeric_tolerance
Race - N (%),Race - N (%) | Black or African American | Control,"What is the number and percentage of patients identified as Black or African American in the control arm? If reported, include the count and percentage as stated (e.g., '28 (4.3%)'). Use 'Not reported' if the paper does not provide this specific breakdown for the control arm.",numeric_tolerance
Race - N (%),Race - N (%) | Asian | Treatment,"What is the number and percentage of patients identified as Asian in the treatment arm? If reported, include the count and percentage as stated (e.g., '230 (35.3%)'). Use 'Not reported' if the paper does not provide this specific breakdown for the treatment arm.",numeric_tolerance
Race - N (%),Race - N (%) | Asian | Control,"What is the number and percentage of patients identified as Asian in the control arm? If reported, include the count and percentage as stated (e.g., '245 (37.5%)'). Use 'Not reported' if the paper does not provide this specific breakdown for the control arm.",numeric_tolerance
Race - N (%),Race - N (%) | Nat. Hawaiian or Pac. Islander | Treatment,"What is the number and percentage of patients identified as Native Hawaiian or Pacific Islander in the treatment arm? If reported, include the count and percentage as stated. Use 'Not reported' if the paper does not provide this specific breakdown for the treatment arm.",numeric_tolerance
Race - N (%),Race - N (%) | Nat. Hawaiian or Pac. Islander | Control,"What is the number and percentage of patients identified as Native Hawaiian or Pacific Islander in the control arm? If reported, include the count and percentage as stated. Use 'Not reported' if the paper does not provide this specific breakdown for the control arm.",numeric_tolerance
Race - N (%),Race - N (%) | Amer. Indian or Alaska Nat. | Treatment,"What is the number and percentage of patients identified as American Indian or Alaska Native in the treatment arm? If reported, include the count and percentage as stated. Use 'Not reported' if the paper does not provide this specific breakdown for the treatment arm.",numeric_tolerance
Race - N (%),Race - N (%) | Amer. Indian or Alaska Nat. | Control,"What is the number and percentage of patients identified as American Indian or Alaska Native in the control arm? If reported, include the count and percentage as stated. Use 'Not reported' if the paper does not provide this specific breakdown for the control arm.",numeric_tolerance
Race - N (%),Race - N (%) | Other | Treatment,"What is the number and percentage of patients identified as 'Other' race in the treatment arm? If reported, include the count and percentage as stated (e.g., '7 (1.1%)'). Use 'Not reported' if the paper does not provide this specific breakdown for the treatment arm.",numeric_tolerance
Race - N (%),Race - N (%) | Other | Control,"What is the number and percentage of patients identified as 'Other' race in the control arm? If reported, include the count and percentage as stated (e.g., '2 (0.3%)'). Use 'Not reported' if the paper does not provide this specific breakdown for the control arm.",numeric_tolerance
Race - N (%),Race - N (%) | Unknown | Treatment,"What is the number and percentage of patients in the treatment arm categorized as 'Unknown', 'Not reported', or 'Missing' for race/ethnicity? If the paper reports a specific count and percentage for this category, include them as stated (e.g., '43 (6.6%)'). If only the count is reported, include the count. If only the percentage is reported, include the percentage. Use 'Not reported' if the paper does not provide a breakdown of race/ethnicity or does not list an 'Unknown', 'Not reported', or 'Missing' category.",numeric_tolerance
Race - N (%),Race - N (%) | Unknown | Control,"What is the number and percentage of patients in the control arm categorized as 'Unknown', 'Not reported', or 'Missing' for race/ethnicity? If the paper reports a specific count and percentage for this category, include them as stated (e.g., '46 (7.0%)'). If only the count is reported, include the count. If only the percentage is reported, include the percentage. Use 'Not reported' if the paper does not provide a breakdown of race/ethnicity or does not list an 'Unknown', 'Not reported', or 'Missing' category.",numeric_tolerance
Region - N (%),Region - N (%) | North America | Treatment,"What is the number and percentage of patients in the treatment arm who are from North America? If reported, include the count and percentage as stated (e.g., '125 (19.2%)'). Use 'Not reported' if the paper does not provide a specific count or percentage for North America in the treatment arm.",numeric_tolerance
Region - N (%),Region - N (%) | North America | Control,"What is the number and percentage of patients in the control arm who are from North America? If reported, include the count and percentage as stated (e.g., '119 (18.2%)'). Use 'Not reported' if the paper does not provide a specific count or percentage for North America in the control arm.",numeric_tolerance
Region - N (%),Region - N (%) | South America | Treatment,"What number and percentage of patients in the treatment arm are from South America (or Latin America)? Give count (percent). If South American countries are only part of a broader category (for example a footnote says 'Rest of the world' includes Brazil), write 'Included in “<category>”'. Use 'Not reported' if the paper gives no regional breakdown that covers South America.",numeric_tolerance
Region - N (%),Region - N (%) | South America | Control,"What number and percentage of patients in the control arm are from South America (or Latin America)? Give count (percent). If South American countries are only part of a broader category (for example a footnote says 'Rest of the world' includes Brazil), write 'Included in “<category>”'. Use 'Not reported' if the paper gives no regional breakdown that covers South America.",numeric_tolerance
Region - N (%),Region - N (%) | Europe | Treatment,"What is the number and percentage of patients in the treatment arm who are from Europe? If reported, include the count and percentage as stated. If the paper groups Europe into a broader category (e.g., 'Rest of world'), and no specific European data is available, write 'Included in [Category Name]' (e.g., 'Included in Rest of world'). Use 'Not reported' if the paper does not provide any regional breakdown that includes Europe.",structured_text
Region - N (%),Region - N (%) | Europe | Control,"What is the number and percentage of patients in the control arm who are from Europe? If reported, include the count and percentage as stated. If the paper groups Europe into a broader category (e.g., 'Rest of world'), and no specific European data is available, write 'Included in [Category Name]' (e.g., 'Included in Rest of world'). Use 'Not reported' if the paper does not provide any regional breakdown that includes Europe.",structured_text
Region - N (%),Region - N (%) | Africa | Treatment,"What number and percentage of patients in the treatment arm are from Africa? Give count (percent). If the paper says African countries are part of a broader category (for example in a footnote), write 'Included in “<category>”'. Use 'Not reported' if the paper does not mention Africa or African countries.",structured_text
Region - N (%),Region - N (%) | Africa | Control,"What number and percentage of patients in the control arm are from Africa? Give count (percent). If the paper says African countries are part of a broader category (for example in a footnote), write 'Included in “<category>”'. Use 'Not reported' if the paper does not mention Africa or African countries.",structured_text
Region - N (%),Region - N (%) | Asia | Treatment,"What is the number and percentage of patients in the treatment arm who are from Asia? If reported, include the count and percentage as stated. If the paper groups Asia into a broader category (e.g., 'Asia-Pacific'), report the value for that specific category. If the paper groups Asia into a broader category (e.g., 'Rest of world'), and no specific Asian data is available, write 'Included in [Category Name]' (e.g., 'Included in Rest of world'). Use 'Not reported' if the paper does not provide any regional breakdown that includes Asia.",structured_text
Region - N (%),Region - N (%) | Asia | Control,"What is the number and percentage of patients in the control arm who are from Asia? If reported, include the count and percentage as stated. If the paper groups Asia into a broader category (e.g., 'Asia-Pacific'), report the value for that specific category. If the paper groups Asia into a broader category (e.g., 'Rest of world'), and no specific Asian data is available, write 'Included in [Category Name]' (e.g., 'Included in Rest of world'). Use 'Not reported' if the paper does not provide any regional breakdown that includes Asia.",structured_text
Region - N (%),Region - N (%) | Oceania | Treatment,"What is the number and percentage of patients in the treatment arm who are from Oceania? If reported, include the count and percentage as stated. If the paper groups Oceania into a broader category (e.g., 'Rest of world'), and no specific Oceanian data is available, write 'Included in [Category Name]' (e.g., 'Included in Rest of world'). Use 'Not reported' if the paper does not provide any regional breakdown that includes Oceania.",structured_text
Region - N (%),Region - N (%) | Oceania | Control,"What is the number and percentage of patients in the control arm who are from Oceania? If reported, include the count and percentage as stated. If the paper groups Oceania into a broader category (e.g., 'Rest of world'), and no specific Oceanian data is available, write 'Included in [Category Name]' (e.g., 'Included in Rest of world'). Use 'Not reported' if the paper does not provide any regional breakdown that includes Oceania.",structured_text
PS - N (%),PS - N (%) | 0 | Treatment,"What number and percentage of patients in the treatment arm had a performance status of 0 (ECOG, or the equivalent WHO 0-4 scale)? Give count (percent) as reported. Use 'Not reported' if the paper does not give this breakdown for the treatment arm.",numeric_tolerance
PS - N (%),PS - N (%) | 0 | Control,"What number and percentage of patients in the control arm had a performance status of 0 (ECOG, or the equivalent WHO 0-4 scale)? Give count (percent) as reported. Use 'Not reported' if the paper does not give this breakdown for the control arm.",numeric_tolerance
PS - N (%),PS - N (%) | 1-2 | Treatment,"What number and percentage of patients in the treatment arm had a performance status of 1 or 2 (ECOG, or the equivalent WHO 0-4 scale)? Give count (percent). If the paper reports PS 1 and PS 2 separately, add the two counts and give the percentage of the arm. Use 'Not reported' if the paper does not give this breakdown for the treatment arm.",numeric_tolerance
PS - N (%),PS - N (%) | 1-2 | Control,"What number and percentage of patients in the control arm had a performance status of 1 or 2 (ECOG, or the equivalent WHO 0-4 scale)? Give count (percent). If the paper reports PS 1 and PS 2 separately, add the two counts and give the percentage of the arm. Use 'Not reported' if the paper does not give this breakdown for the control arm.",numeric_tolerance
Gleason score - N (%),Gleason score - N (%) | ≤ 7 | Treatment,"What is the number and percentage of patients in the treatment arm with a Gleason score of 7 or lower (≤7)? Categories such as '<8' are equivalent to '≤7' and should be used. If reported, include the count and percentage as stated. Use 'Not reported' if the paper does not provide this specific breakdown for the treatment arm.",numeric_tolerance
Gleason score - N (%),Gleason score - N (%) | ≤ 7 | Control,"What is the number and percentage of patients in the control arm with a Gleason score of 7 or lower (≤7)? If the paper reports categories such as '<8' or '≤7', use that value. If reported, include the count and percentage as stated. Use 'Not reported' if the paper does not provide this specific breakdown for the control arm.",numeric_tolerance
Gleason score - N (%),Gleason score - N (%) | ≥ 8 | Treatment,"What is the number and percentage of patients in the treatment arm with a Gleason score of 8 or higher (≥8)? If the paper reports categories such as '≥8' or '>7', use that value. If reported, include the count and percentage as stated. Use 'Not reported' if the paper does not provide this specific breakdown for the treatment arm.",numeric_tolerance
Gleason score - N (%),Gleason score - N (%) | ≥ 8 | Control,"What is the number and percentage of patients in the control arm with a Gleason score of 8 or higher (≥8)? If the paper reports categories such as '≥8' or '>7', use that value. If reported, include the count and percentage as stated. Use 'Not reported' if the paper does not provide this specific breakdown for the control arm.",numeric_tolerance
Metastases - N (%),Metastases - N (%) | Liver | Treatment,"What number and percentage of patients in the treatment arm had liver metastases at baseline? Give count (percent). If the paper reports metastatic sites only as M1 substages, use the M1c (visceral) count. Use 'Not reported' if neither is given.",numeric_tolerance
Metastases - N (%),Metastases - N (%) | Liver | Control,"What number and percentage of patients in the control arm had liver metastases at baseline? Give count (percent). If the paper reports metastatic sites only as M1 substages, use the M1c (visceral) count. Use 'Not reported' if neither is given.",numeric_tolerance
Metastases - N (%),Metastases - N (%) | Lungs | Treatment,"What is the number and percentage of patients in the treatment arm who have lung metastases at baseline? Do not use 'Visceral metastases' counts if 'Lung' is not specifically reported; do not include other visceral sites if lung-specific data is missing. If reported, include the count and percentage as stated. Use 'Not reported' if the paper does not provide a specific count/percentage for lung metastases.",numeric_tolerance
Metastases - N (%),Metastases - N (%) | Lungs | Control,"What is the number and percentage of patients in the control arm who have lung metastases at baseline? Do not use 'Visceral metastases' counts if 'Lung' is not specifically reported. If reported, include the count and percentage as stated. Use 'Not reported' if the paper does not provide a specific count/percentage for lung metastases.",numeric_tolerance
Metastases - N (%),Metastases - N (%) | Bone | Treatment,"What number and percentage of patients in the treatment arm had bone metastases at baseline? Give count (percent). If the paper reports metastatic sites only as M1 substages, use the M1b (bone) count. Use 'Not reported' if neither is given.",numeric_tolerance
Metastases - N (%),Metastases - N (%) | Bone | Control,"What number and percentage of patients in the control arm had bone metastases at baseline? Give count (percent). If the paper reports metastatic sites only as M1 substages, use the M1b (bone) count. Use 'Not reported' if neither is given.",numeric_tolerance
Metastases - N (%),Metastases - N (%) | Nodal | Treatment,"What number and percentage of patients in the treatment arm had lymph-node metastases at baseline? Give count (percent) as reported. If the paper reports metastatic sites only as M1 substages, use the M1a (non-regional lymph nodes) count. Use 'Not reported' if neither is given.",numeric_tolerance
Metastases - N (%),Metastases - N (%) | Nodal | Control,"What number and percentage of patients in the control arm had lymph-node metastases at baseline? Give count (percent) as reported. If the paper reports metastatic sites only as M1 substages, use the M1a (non-regional lymph nodes) count. Use 'Not reported' if neither is given.",numeric_tolerance
Previous local therapy - N (%),Previous local therapy - N (%) | Prostatectomy | Treatment,"What is the number and percentage of patients in the treatment arm who received previous prostatectomy as local therapy? Use 'Not reported' if the paper reports only the total number of patients with previous local therapy without breaking it down by type (e.g., 'Any local therapy') or if prostatectomy is not specified. If reported, include the count and percentage as stated (e.g., '100 (50%)'). Use 'Not reported' if the paper does not provide this specific count/percentage for the treatment arm.",numeric_tolerance
Previous local therapy - N (%),Previous local therapy - N (%) | Prostatectomy | Control,"What is the number and percentage of patients in the control arm who received previous prostatectomy as local therapy? Use 'Not reported' if the paper reports only the total number of patients with previous local therapy without breaking it down by type (e.g., 'Any local therapy') or if prostatectomy is not specified. If reported, include the count and percentage as stated (e.g., '100 (50%)'). Use 'Not reported' if the paper does not provide this specific count/percentage for the control arm.",numeric_tolerance
Previous local therapy - N (%),Previous local therapy - N (%) | Orchiectomy | Treatment,"What is the number and percentage of patients in the treatment arm who received previous orchiectomy as local therapy? Use 'Not reported' if the paper reports only the total number of patients with previous local therapy without breaking it down by type (e.g., 'Any local therapy') or if orchiectomy is not specified. If reported, include the count and percentage as stated (e.g., '100 (50%)'). Use 'Not reported' if the paper does not provide this specific count/percentage for the treatment arm.",numeric_tolerance
Previous local therapy - N (%),Previous local therapy - N (%) | Orchiectomy | Control,"What is the number and percentage of patients in the control arm who received previous orchiectomy as local therapy? Use 'Not reported' if the paper reports only the total number of patients with previous local therapy without breaking it down by type (e.g., 'Any local therapy') or if orchiectomy is not specified. If reported, include the count and percentage as stated (e.g., '100 (50%)'). Use 'Not reported' if the paper does not provide this specific count/percentage for the control arm.",numeric_tolerance
Previous local therapy - N (%),Previous local therapy - N (%) | Radiotherapy | Treatment,"What is the number and percentage of patients in the treatment arm who received previous radiotherapy as local therapy? Use 'Not reported' if the paper reports only the total number of patients with previous local therapy without breaking it down by type (e.g., 'Any local therapy') or if radiotherapy is not specified. If reported, include the count and percentage as stated (e.g., '100 (50%)'). Use 'Not reported' if the paper does not provide this specific count/percentage for the treatment arm.",numeric_tolerance
Previous local therapy - N (%),Previous local therapy - N (%) | Radiotherapy | Control,"What is the number and percentage of patients in the control arm who received previous radiotherapy as local therapy? Use 'Not reported' if the paper reports only the total number of patients with previous local therapy without breaking it down by type (e.g., 'Any local therapy') or if radiotherapy is not specified. If reported, include the count and percentage as stated (e.g., '100 (50%)'). Use 'Not reported' if the paper does not provide this specific count/percentage for the control arm.",numeric_tolerance
Primary Endpoint(s),Primary Endpoint(s),"What are the primary endpoint(s) of the trial? List only the name(s) of the primary endpoint(s) as stated in the paper (e.g., 'Overall survival', 'Progression-free survival'); do not include definitions. If multiple primary endpoints are listed, list all separately. Use 'Not reported' if the primary endpoint is not explicitly stated.",structured_text
Secondary Endpoint(s),Secondary Endpoint(s),"What are the secondary endpoint(s) of the trial? List the name(s) of the secondary endpoint(s) as explicitly labeled 'secondary' in the paper. If multiple secondary endpoints are listed, include all. Use 'Not reported' if the secondary endpoints are not explicitly stated.",structured_text
ORR - N (%),ORR - N (%) | Treatment | Overall,"What number and percentage of patients in the treatment arm had an objective response (complete or partial response) by the trial's response criteria? Give count (percent) as reported. If the paper reports complete and partial responses separately but no overall response, give the sum of the CR and PR counts. Use 'Not reported' if missing.",numeric_tolerance
ORR - N (%),ORR - N (%) | Treatment | CR,"What is the number and percentage of patients in the treatment arm who achieved a complete response (CR)? If reported, include the count and percentage as stated, including '0 (0%)' if that is the reported value. Use 'Not reported' if the CR count/percentage for the treatment arm is not explicitly stated.",numeric_tolerance
ORR - N (%),ORR - N (%) | Treatment | SD,What is the number and percentage of patients in the treatment arm who achieved stable disease (SD)? Include only patients explicitly categorized as SD; do not include patients with 'not evaluable' status even if grouped together in the paper. Use 'Not reported' if the SD count/percentage for the treatment arm is not explicitly stated.,numeric_tolerance
ORR - N (%),ORR - N (%) | Treatment | PD,"What is the number and percentage of patients in the treatment arm who had progressive disease (PD) as their best response? If reported, include the count and percentage as stated. Use 'Not reported' if the PD count/percentage for the treatment arm is not stated.",numeric_tolerance
ORR - N (%),ORR - N (%) | Control | Overall,"What number and percentage of patients in the control arm had an objective response (complete or partial response) by the trial's response criteria? Give count (percent) as reported. If the paper reports complete and partial responses separately but no overall response, give the sum of the CR and PR counts. Use 'Not reported' if missing.",numeric_tolerance
ORR - N (%),ORR - N (%) | Control | CR,"What is the number and percentage of patients in the control arm who achieved a complete response (CR)? If reported, include the count and percentage as stated, including '0 (0%)' if that is the reported value. Use 'Not reported' if the CR count/percentage for the control arm is not explicitly stated.",numeric_tolerance
ORR - N (%),ORR - N (%) | Control | SD,What is the number and percentage of patients in the control arm who achieved stable disease (SD)? Include only patients explicitly categorized as SD; do not include patients with 'not evaluable' status even if grouped together in the paper. Use 'Not reported' if the SD count/percentage for the control arm is not explicitly stated.,numeric_tolerance
ORR - N (%),ORR - N (%) | Control | PD,"What is the number and percentage of patients in the control arm who had progressive disease (PD) as their best response? If reported, include the count and percentage as stated. Use 'Not reported' if the PD count/percentage for the control arm is not stated.",numeric_tolerance
Adverse Events - N (%),Adverse Events - N (%) | All-Cause Grade 3 or Higher | Treatment,What number and percentage of patients in the treatment arm had any adverse event of grade 3 or higher (all causes)? Give count (percent). Use 'Not reported' if missing.,numeric_tolerance
Adverse Events - N (%),Adverse Events - N (%) | All-Cause Grade 3 or Higher | Control,What number and percentage of patients in the control arm had any adverse event of grade 3 or higher (all causes)? Give count (percent). Use 'Not reported' if missing.,numeric_tolerance
Adverse Events - N (%),Adverse Events - N (%) | Treatment-related Grade 3 or Higher | Treatment,What number and percentage of patients in the treatment arm had a treatment-related adverse event of grade 3 or higher? Give count (percent). Use 'Not reported' if the paper does not report treatment-related events at this grade.,numeric_tolerance
Adverse Events - N (%),Adverse Events - N (%) | Treatment-related Grade 3 or Higher | Control,What number and percentage of patients in the control arm had a treatment-related adverse event of grade 3 or higher? Give count (percent). Use 'Not reported' if the paper does not report treatment-related events at this grade.,numeric_tolerance
Adverse Events - N (%),Adverse Events - N (%) | Treatment-related Grade 5 | Treatment,"What number and percentage of patients in the treatment arm had a treatment-related grade 5 (fatal) adverse event? Give count (percent). A death the paper calls possibly, probably or definitely related to the study treatment counts as treatment-related. If the paper reports grade 5 events without saying whether they were treatment-related, give that value labelled 'all-cause' (e.g. '12 (2.0%) all-cause'). Use 'Not reported' if grade 5 events are not reported.",structured_text
Adverse Events - N (%),Adverse Events - N (%) | Treatment-related Grade 5 | Control,"What number and percentage of patients in the control arm had a treatment-related grade 5 (fatal) adverse event? Give count (percent). A death the paper calls possibly, probably or definitely related to the study treatment counts as treatment-related. If the paper reports grade 5 events without saying whether they were treatment-related, give that value labelled 'all-cause' (e.g. '12 (2.0%) all-cause'). Use 'Not reported' if grade 5 events are not reported.",structured_text
No. of Deaths - N,No. of Deaths - N | Treatment,"What is the number of patients who died in the treatment arm? If reported, include the count as stated. Use 'Not reported' if missing.",exact_match
No. of Deaths - N,No. of Deaths - N | Control,"What is the number of patients who died in the control arm? If reported, include the count as stated. Use 'Not reported' if missing.",exact_match
TTPSA (mo),TTPSA (mo) | Treatment,"What is the median time to PSA progression (TTPSA), in months, of patients in the treatment arm? If reported, include the value as stated. Enter 'Not reported' if the value is not explicitly stated.",numeric_tolerance
TTPSA (mo),TTPSA (mo) | Control,"What is the median time to PSA progression, in months, of patients in the control arm? If reported, include the value as stated. Use 'Not reported' if missing.",numeric_tolerance
OS Rate (%),OS Rate (%) | Overall | Treatment,"What is the overall survival rate, as a percentage, of patients in the treatment arm of the overall study population at the longest reported timepoint? If reported, include the value and the timepoint (e.g., '62.7% at 4 yr'). Use 'Not reported' if missing.",numeric_tolerance
OS Rate (%),OS Rate (%) | Overall | Control,"What is the overall survival rate, as a percentage, of patients in the control arm of the overall study population at the longest reported timepoint? If reported, include the value and the timepoint (e.g., '50.4% at 4 yr'). Use 'Not reported' if missing.",numeric_tolerance
OS Rate (%),OS Rate (%) | Synchronous | Treatment,"What is the overall survival rate, as a percentage, of patients in the treatment arm of the synchronous metastatic subgroup at the longest reported timepoint? If reported, include the value and the timepoint. Use 'Not reported' if missing.",numeric_tolerance
OS Rate (%),OS Rate (%) | Synchronous | Control,"What is the overall survival rate, as a percentage, of patients in the control arm of the synchronous metastatic subgroup at the longest reported timepoint? If reported, include the value and the timepoint. Use 'Not reported' if missing.",numeric_tolerance
OS Rate (%),OS Rate (%) | Metachronous | Treatment,"What is the overall survival rate, as a percentage, of patients in the treatment arm of the metachronous metastatic subgroup at the longest reported timepoint? If reported, include the value and the timepoint. Use 'Not reported' if missing.",numeric_tolerance
OS Rate (%),OS Rate (%) | Metachronous | Control,"What is the overall survival rate, as a percentage, of patients in the control arm of the metachronous metastatic subgroup at the longest reported timepoint? If reported, include the value and the timepoint. Use 'Not reported' if missing.",numeric_tolerance
OS Rate (%),OS Rate (%) | High volume | Treatment,"What is the overall survival rate, as a percentage, of patients in the treatment arm of the high-volume disease subgroup at the longest reported timepoint? If reported, include the value and the timepoint. Use 'Not reported' if missing.",numeric_tolerance
OS Rate (%),OS Rate (%) | High volume | Control,"What is the overall survival rate, as a percentage, of patients in the control arm of the high-volume disease subgroup at the longest reported timepoint? If reported, include the value and the timepoint. Use 'Not reported' if missing.",numeric_tolerance
OS Rate (%),OS Rate (%) | Low volume | Treatment,"What is the overall survival rate, as a percentage, of patients in the treatment arm of the low-volume disease subgroup at the longest reported timepoint? If reported, include the value and the timepoint. Use 'Not reported' if missing.",numeric_tolerance
OS Rate (%),OS Rate (%) | Low volume | Control,"What is the overall survival rate, as a percentage, of patients in the control arm of the low-volume disease subgroup at the longest reported timepoint? If reported, include the value and the timepoint. Use 'Not reported' if missing.",numeric_tolerance
Median OS (mo),Median OS (mo) | Overall | Treatment,"What is the median overall survival, in months, of patients in the treatment arm of the overall study population? If reported, include the value as stated (e.g., '48.9', 'Not reached', 'Not estimable'). Use 'Not reported' if missing.",numeric_tolerance
Median OS (mo),Median OS (mo) | Overall | Control,"What is the median overall survival, in months, of patients in the control arm of the overall study population? If reported, include the value as stated (e.g., '48.9', 'Not reached', 'Not estimable'). Use 'Not reported' if missing.",numeric_tolerance
Median OS (mo),Median OS (mo) | High volume | Treatment,"What is the median overall survival, in months, of patients in the treatment arm of the high-volume disease subgroup? If reported, include the value as stated (e.g., '48.9', 'Not reached', 'Not estimable'). Use 'Not reported' if missing.",numeric_tolerance
Median OS (mo),Median OS (mo) | High volume | Control,"What is the median overall survival, in months, of patients in the control arm of the high-volume disease subgroup? If reported, include the value as stated (e.g., '48.9', 'Not reached', 'Not estimable'). Use 'Not reported' if missing.",numeric_tolerance
Median OS (mo),Median OS (mo) | Low volume | Treatment,"What is the median overall survival, in months, of patients in the treatment arm of the low-volume disease subgroup? If reported, include the value as stated (e.g., '48.9', 'Not reached', 'Not estimable'). Use 'Not reported' if missing.",numeric_tolerance
Median OS (mo),Median OS (mo) | Low volume | Control,"What is the median overall survival, in months, of patients in the control arm of the low-volume disease subgroup? If reported, include the value as stated (e.g., '48.9', 'Not reached', 'Not estimable'). Use 'Not reported' if missing.",numeric_tolerance
PFS Rate (%),PFS Rate (%) | Overall | Treatment,"What progression-free survival rate (percentage of patients alive and progression-free) does the paper report for the treatment arm of the overall population, at the timepoint it reports? Give the rate with its timepoint (e.g. '33.9% at 4 years'). A median PFS or a hazard ratio is not a rate. Use 'Not reported' if no PFS rate is given.",numeric_tolerance
PFS Rate (%),PFS Rate (%) | Overall | Control,"What progression-free survival rate (percentage of patients alive and progression-free) does the paper report for the control arm of the overall population, at the timepoint it reports? Give the rate with its timepoint (e.g. '50.2% at 4 years'). A median PFS or a hazard ratio is not a rate. Use 'Not reported' if no PFS rate is given.",numeric_tolerance
Median PFS (mo),Median PFS (mo) | Overall | Treatment,"What is the median progression-free survival, in months, for the treatment arm in the overall study population? If reported, include the value as stated. If the median was not reached or is not estimable, write 'Not reached' or 'Not estimable'. Use 'Not reported' if the value is missing.",numeric_tolerance
Median PFS (mo),Median PFS (mo) | Overall | Control,"What is the median progression-free survival, in months, for the control arm in the overall study population? If reported, include the value as stated. If the median was not reached or is not estimable, write 'Not reached' or 'Not estimable'. Use 'Not reported' if the value is missing.",numeric_tolerance
Median PFS (mo),Median PFS (mo) | High volume | Treatment,"What is the median progression-free survival, in months, for the treatment arm in the high-volume disease subgroup? If reported, include the value as stated. If the median was not reached or is not estimable, write 'Not reached' or 'Not estimable'. Use 'Not reported' if the value is missing.",numeric_tolerance
Median PFS (mo),Median PFS (mo) | High volume | Control,"What is the median progression-free survival, in months, for the control arm in the high-volume disease subgroup? If reported, include the value as stated. If the median was not reached or is not estimable, write 'Not reached' or 'Not estimable'. Use 'Not reported' if the value is missing.",numeric_tolerance
Median PFS (mo),Median PFS (mo) | Low volume | Treatment,"What is the median progression-free survival, in months, for the treatment arm in the low-volume disease subgroup? If reported, include the value as stated. If the median was not reached or is not estimable, write 'Not reached' or 'Not estimable'. Use 'Not reported' if the value is missing.",numeric_tolerance
Median PFS (mo),Median PFS (mo) | Low volume | Control,"What is the median progression-free survival, in months, for the control arm in the low-volume disease subgroup? If reported, include the value as stated. If the median was not reached or is not estimable, write 'Not reached' or 'Not estimable'. Use 'Not reported' if the value is missing.",numeric_tolerance
COE_RCT_IND_OVERALL_RJ,COE_RCT_IND_OVERALL_RJ,"Is this study a randomised controlled trial? Answer 'Yes' when patients were randomly assigned to the trial's arms, adding the design in parentheses when the paper states it (for example 'Yes (randomized phase III)'); otherwise answer 'No'.",exact_match
Add-on Treatment,Add-on Treatment,"What is the specific agent or agents added to the shared backbone in the experimental arm(s)? Include the generic name of the drug(s). If multiple agents are added, list them separated by commas. Use 'Not reported' if the add-on treatment is not specified.",structured_text
Treatment Class,Treatment Class,"What is the pharmacological class of the add-on treatment? Include the standard class name (e.g., 'Androgen-receptor pathway inhibitor', 'Chemotherapy'). Use 'Not reported' if the class is not specified.",structured_text
Type of Therapy,Type of Therapy,"What is the type of therapy regimen used in the experimental arm? Derive the label 'Doublet therapy (ADT + <added agent class>)' if the regimen consists of ADT plus one additional agent class, or 'Triplet therapy (ADT + docetaxel + AR inhibitor)' if it consists of ADT, docetaxel, and an androgen-receptor inhibitor, even if the paper does not explicitly use these terms. Use 'Not reported' if the regimen type cannot be determined.",structured_text
